filename,smoke,density
vid_0_frame_0.jpg,yes,high
vid_0_frame_2.jpg,yes,high
vid_2_frame_0.jpg,yes,high
vid_2_frame_1.jpg,yes,high
vid_5_frame_0.jpg,yes,low
vid_5_frame_3.jpg,no,none
vid_6_frame_0.jpg,yes,medium
vid_7_frame_1.jpg,yes,low
vid_8_frame_0.jpg,no,none
vid_8_frame_1.jpg,yes,low
vid_8_frame_2.jpg,yes,medium
vid_8_frame_3.jpg,yes,high
vid_9_frame_1.jpg,yes,high
vid_9_frame_2.jpg,no,none
vid_9_frame_3.jpg,no,none
vid_10_frame_0.jpg,yes,medium
vid_10_frame_1.jpg,yes,medium
vid_10_frame_3.jpg,yes,high
vid_11_frame_3.jpg,no,none
vid_12_frame_0.jpg,yes,high
vid_12_frame_1.jpg,yes,high
vid_12_frame_3.jpg,yes,high
vid_13_frame_2.jpg,yes,low
vid_13_frame_3.jpg,no,none
vid_14_frame_0.jpg,yes,medium
vid_15_frame_0.jpg,no,none
vid_15_frame_1.jpg,no,none
vid_15_frame_3.jpg,yes,low
vid_16_frame_0.jpg,no,none
vid_16_frame_1.jpg,yes,medium
vid_16_frame_3.jpg,yes,medium
vid_17_frame_0.jpg,no,none
vid_17_frame_1.jpg,yes,high
vid_17_frame_2.jpg,yes,high
vid_18_frame_0.jpg,yes,low
vid_18_frame_1.jpg,yes,low
vid_18_frame_3.jpg,yes,low
vid_19_frame_1.jpg,no,none
vid_19_frame_3.jpg,yes,medium
vid_20_frame_0.jpg,no,none
vid_20_frame_1.jpg,yes,low
vid_20_frame_2.jpg,yes,low
vid_20_frame_3.jpg,yes,low
vid_21_frame_0.jpg,yes,low
vid_21_frame_1.jpg,yes,medium
vid_21_frame_3.jpg,yes,medium
vid_22_frame_0.jpg,yes,high
vid_22_frame_1.jpg,yes,high
vid_22_frame_3.jpg,yes,high
vid_23_frame_0.jpg,yes,medium
vid_24_frame_0.jpg,yes,medium
vid_26_frame_0.jpg,yes,low
vid_26_frame_1.jpg,yes,low
vid_26_frame_2.jpg,yes,medium
vid_27_frame_0.jpg,yes,medium
vid_27_frame_1.jpg,yes,high
vid_29_frame_0.jpg,yes,low
vid_29_frame_1.jpg,yes,low
vid_29_frame_2.jpg,yes,low
vid_30_frame_0.jpg,yes,medium
vid_30_frame_2.jpg,yes,medium
vid_31_frame_0.jpg,yes,low
vid_31_frame_1.jpg,yes,low
vid_31_frame_3.jpg,yes,medium
vid_32_frame_0.jpg,yes,high
vid_32_frame_1.jpg,yes,medium
vid_32_frame_3.jpg,yes,medium
vid_33_frame_0.jpg,yes,low
vid_33_frame_1.jpg,yes,medium
vid_34_frame_0.jpg,yes,medium
vid_34_frame_1.jpg,yes,medium
vid_34_frame_3.jpg,yes,high
vid_35_frame_0.jpg,yes,medium
vid_37_frame_0.jpg,yes,high
vid_37_frame_1.jpg,yes,high
vid_38_frame_2.jpg,yes,high
vid_39_frame_0.jpg,yes,medium
vid_39_frame_1.jpg,no,none
vid_39_frame_2.jpg,yes,medium
vid_39_frame_3.jpg,yes,high
vid_40_frame_0.jpg,yes,low
vid_41_frame_2.jpg,no,none
vid_42_frame_0.jpg,yes,low
vid_42_frame_3.jpg,no,none
vid_43_frame_0.jpg,no,none
vid_43_frame_2.jpg,no,none
vid_46_frame_2.jpg,yes,medium
vid_47_frame_1.jpg,no,none
vid_47_frame_2.jpg,yes,low
vid_48_frame_1.jpg,no,none
vid_48_frame_2.jpg,no,none
vid_48_frame_3.jpg,yes,low
vid_49_frame_0.jpg,no,none
vid_50_frame_0.jpg,no,none
vid_50_frame_1.jpg,yes,low
vid_50_frame_2.jpg,yes,low
vid_52_frame_0.jpg,yes,low
vid_52_frame_1.jpg,yes,low
vid_53_frame_0.jpg,yes,medium
vid_53_frame_1.jpg,yes,medium
vid_54_frame_0.jpg,yes,medium
vid_54_frame_1.jpg,yes,medium
vid_55_frame_0.jpg,yes,high
vid_55_frame_1.jpg,yes,high
vid_55_frame_3.jpg,yes,high
vid_56_frame_0.jpg,yes,high
vid_56_frame_2.jpg,yes,high
vid_56_frame_3.jpg,yes,high
vid_57_frame_0.jpg,yes,high
vid_57_frame_3.jpg,yes,high
vid_58_frame_0.jpg,yes,medium
vid_59_frame_0.jpg,yes,medium
vid_59_frame_3.jpg,yes,medium
vid_60_frame_0.jpg,yes,medium
vid_60_frame_1.jpg,yes,medium
vid_61_frame_0.jpg,yes,medium
vid_61_frame_3.jpg,yes,medium
vid_62_frame_0.jpg,yes,medium
vid_62_frame_3.jpg,yes,medium
vid_63_frame_1.jpg,yes,medium
vid_63_frame_3.jpg,yes,medium
vid_64_frame_0.jpg,yes,medium
vid_64_frame_1.jpg,yes,medium
vid_65_frame_0.jpg,yes,low
vid_65_frame_2.jpg,no,none
vid_65_frame_3.jpg,no,none
vid_66_frame_0.jpg,yes,low
vid_68_frame_0.jpg,yes,medium
vid_69_frame_3.jpg,yes,medium
vid_70_frame_0.jpg,yes,medium
vid_70_frame_1.jpg,yes,high
vid_70_frame_3.jpg,yes,high
vid_71_frame_0.jpg,yes,medium
vid_71_frame_1.jpg,yes,medium
vid_72_frame_2.jpg,no,none
vid_73_frame_1.jpg,no,none
vid_74_frame_0.jpg,no,none
vid_74_frame_1.jpg,no,none
vid_74_frame_2.jpg,no,none
vid_74_frame_3.jpg,yes,low
vid_75_frame_0.jpg,no,none
vid_75_frame_1.jpg,no,none
vid_76_frame_1.jpg,no,none
vid_78_frame_0.jpg,yes,low
vid_78_frame_2.jpg,yes,low
vid_78_frame_3.jpg,no,none
vid_79_frame_0.jpg,yes,medium
vid_79_frame_3.jpg,yes,medium
vid_80_frame_1.jpg,yes,medium
vid_80_frame_2.jpg,yes,medium
vid_82_frame_0.jpg,yes,low
vid_82_frame_2.jpg,no,none
vid_83_frame_0.jpg,no,none
vid_83_frame_1.jpg,yes,low
vid_84_frame_0.jpg,no,none
vid_84_frame_2.jpg,yes,medium
vid_84_frame_3.jpg,yes,medium
vid_85_frame_1.jpg,yes,low
vid_85_frame_2.jpg,yes,medium
vid_86_frame_1.jpg,yes,medium
vid_87_frame_2.jpg,yes,low
vid_88_frame_0.jpg,no,none
vid_88_frame_3.jpg,yes,low
vid_89_frame_0.jpg,no,none
vid_89_frame_1.jpg,no,none
vid_89_frame_3.jpg,yes,low
vid_91_frame_0.jpg,yes,medium
vid_92_frame_0.jpg,yes,high
vid_92_frame_1.jpg,yes,high
vid_92_frame_2.jpg,yes,high
vid_94_frame_3.jpg,yes,medium
vid_96_frame_0.jpg,yes,low
vid_96_frame_1.jpg,yes,medium
vid_96_frame_2.jpg,yes,high
vid_96_frame_3.jpg,yes,high
vid_97_frame_1.jpg,no,none
vid_98_frame_0.jpg,yes,medium
vid_98_frame_1.jpg,yes,medium
vid_101_frame_0.jpg,no,none
vid_102_frame_0.jpg,yes,medium
vid_102_frame_1.jpg,yes,medium
vid_102_frame_2.jpg,yes,high
vid_103_frame_0.jpg,no,none
vid_103_frame_1.jpg,no,none
vid_103_frame_2.jpg,yes,low
vid_103_frame_3.jpg,yes,low
vid_104_frame_3.jpg,yes,medium
vid_105_frame_0.jpg,no,none
vid_105_frame_1.jpg,no,none
vid_107_frame_0.jpg,no,none
vid_107_frame_1.jpg,yes,medium
vid_108_frame_0.jpg,no,none
vid_108_frame_1.jpg,yes,low
vid_108_frame_2.jpg,yes,low
vid_109_frame_0.jpg,yes,medium
vid_109_frame_3.jpg,yes,medium
vid_112_frame_0.jpg,yes,low
vid_112_frame_1.jpg,no,none
vid_113_frame_0.jpg,no,none
vid_113_frame_2.jpg,yes,medium
vid_114_frame_0.jpg,yes,low
vid_114_frame_1.jpg,yes,low
vid_114_frame_2.jpg,yes,low
vid_115_frame_0.jpg,no,none
vid_115_frame_1.jpg,yes,low
vid_116_frame_3.jpg,yes,low
vid_117_frame_1.jpg,no,none
vid_118_frame_0.jpg,no,none
vid_118_frame_1.jpg,no,none
vid_118_frame_3.jpg,yes,medium
vid_119_frame_0.jpg,no,none
vid_119_frame_2.jpg,no,none
vid_119_frame_3.jpg,yes,medium
vid_120_frame_0.jpg,yes,medium
vid_120_frame_1.jpg,yes,medium
vid_121_frame_0.jpg,no,none
vid_121_frame_1.jpg,no,none
vid_122_frame_0.jpg,yes,medium
vid_122_frame_1.jpg,yes,medium
vid_123_frame_2.jpg,yes,low
vid_125_frame_0.jpg,yes,high
vid_125_frame_1.jpg,yes,high
vid_125_frame_3.jpg,yes,high
vid_128_frame_0.jpg,no,none
vid_128_frame_3.jpg,yes,medium
vid_129_frame_0.jpg,yes,low
vid_129_frame_1.jpg,no,none
vid_129_frame_2.jpg,no,none
vid_130_frame_1.jpg,no,none
vid_130_frame_2.jpg,no,none
vid_130_frame_3.jpg,no,none
vid_131_frame_1.jpg,no,none
vid_131_frame_3.jpg,no,none
vid_133_frame_0.jpg,no,none
vid_133_frame_1.jpg,no,none
vid_133_frame_3.jpg,no,none
vid_134_frame_1.jpg,no,none
vid_134_frame_2.jpg,no,none
vid_135_frame_0.jpg,no,none
vid_135_frame_3.jpg,no,none
vid_136_frame_0.jpg,no,none
vid_136_frame_2.jpg,no,none
vid_136_frame_3.jpg,no,none
vid_137_frame_1.jpg,yes,medium
vid_139_frame_0.jpg,no,none
vid_140_frame_0.jpg,yes,low
vid_141_frame_0.jpg,no,none
vid_141_frame_3.jpg,no,none
vid_143_frame_2.jpg,yes,medium
vid_143_frame_3.jpg,yes,high
vid_145_frame_0.jpg,no,none
vid_145_frame_1.jpg,yes,low
vid_145_frame_3.jpg,yes,low
vid_146_frame_1.jpg,yes,low
vid_147_frame_1.jpg,yes,low
vid_148_frame_0.jpg,yes,low
vid_148_frame_2.jpg,yes,medium
vid_150_frame_0.jpg,no,none
vid_151_frame_0.jpg,yes,medium
vid_151_frame_1.jpg,yes,medium
vid_152_frame_0.jpg,no,none
vid_152_frame_2.jpg,no,none
vid_153_frame_0.jpg,yes,low
vid_153_frame_2.jpg,no,none
vid_154_frame_0.jpg,yes,high
vid_154_frame_2.jpg,yes,high
vid_154_frame_3.jpg,yes,medium
vid_155_frame_0.jpg,yes,high
vid_155_frame_3.jpg,yes,high
vid_156_frame_0.jpg,yes,medium
vid_156_frame_3.jpg,yes,medium
vid_157_frame_0.jpg,yes,medium
vid_157_frame_2.jpg,yes,high
vid_158_frame_0.jpg,yes,low
vid_158_frame_1.jpg,no,none
vid_158_frame_3.jpg,no,none
vid_159_frame_0.jpg,yes,medium
vid_159_frame_1.jpg,yes,low
vid_159_frame_3.jpg,yes,medium
vid_160_frame_0.jpg,yes,low
vid_160_frame_2.jpg,yes,low
vid_161_frame_3.jpg,no,none
vid_162_frame_3.jpg,no,none
vid_165_frame_0.jpg,yes,medium
vid_166_frame_0.jpg,no,none
vid_166_frame_2.jpg,no,none
vid_167_frame_0.jpg,no,none
vid_167_frame_1.jpg,no,none
vid_167_frame_2.jpg,no,none
vid_168_frame_1.jpg,no,none
vid_192_frame_1.jpg,yes,high
vid_192_frame_2.jpg,yes,medium
vid_193_frame_2.jpg,yes,medium
vid_194_frame_0.jpg,yes,medium
vid_195_frame_0.jpg,yes,low
vid_195_frame_1.jpg,no,none
vid_195_frame_3.jpg,no,none
vid_196_frame_0.jpg,yes,high
vid_196_frame_2.jpg,yes,high
vid_197_frame_0.jpg,no,none
vid_197_frame_2.jpg,no,none
vid_198_frame_0.jpg,yes,low
vid_198_frame_2.jpg,yes,low
vid_198_frame_3.jpg,yes,low
vid_199_frame_0.jpg,no,none
vid_199_frame_1.jpg,yes,low
vid_199_frame_2.jpg,yes,low
vid_199_frame_3.jpg,yes,low
vid_200_frame_0.jpg,no,none
vid_200_frame_1.jpg,yes,low
vid_200_frame_3.jpg,yes,low
vid_201_frame_0.jpg,no,none
vid_201_frame_1.jpg,yes,low
vid_201_frame_3.jpg,yes,low
vid_202_frame_3.jpg,yes,medium
vid_203_frame_1.jpg,yes,high
vid_203_frame_2.jpg,yes,high
vid_203_frame_3.jpg,yes,high
vid_204_frame_0.jpg,yes,medium
vid_205_frame_0.jpg,yes,medium
vid_205_frame_1.jpg,no,none
vid_205_frame_2.jpg,no,none
vid_205_frame_3.jpg,no,none
vid_207_frame_3.jpg,no,none
vid_208_frame_0.jpg,no,none
vid_208_frame_2.jpg,no,none
vid_208_frame_3.jpg,yes,low
vid_209_frame_0.jpg,yes,medium
vid_209_frame_1.jpg,yes,medium
vid_209_frame_2.jpg,yes,medium
vid_210_frame_0.jpg,no,none
vid_210_frame_1.jpg,no,none
vid_210_frame_2.jpg,no,none
vid_213_frame_0.jpg,no,none
vid_213_frame_1.jpg,yes,medium
vid_213_frame_2.jpg,yes,medium
vid_213_frame_3.jpg,yes,medium
vid_214_frame_0.jpg,yes,medium
vid_214_frame_1.jpg,yes,medium
vid_214_frame_2.jpg,yes,medium
vid_215_frame_0.jpg,no,none
vid_215_frame_1.jpg,no,none
vid_215_frame_2.jpg,no,none
vid_216_frame_0.jpg,no,none
vid_216_frame_1.jpg,no,none
vid_216_frame_2.jpg,yes,low
vid_216_frame_3.jpg,yes,low
vid_217_frame_0.jpg,no,none
vid_217_frame_1.jpg,no,none
vid_217_frame_3.jpg,no,none
vid_218_frame_0.jpg,yes,low
vid_218_frame_1.jpg,no,none
vid_218_frame_2.jpg,no,none
vid_218_frame_3.jpg,no,none
vid_221_frame_0.jpg,yes,high
vid_224_frame_0.jpg,yes,medium
vid_224_frame_1.jpg,yes,high
vid_224_frame_2.jpg,yes,high
vid_224_frame_3.jpg,yes,high
vid_226_frame_0.jpg,no,none
vid_226_frame_2.jpg,no,none
vid_227_frame_0.jpg,no,none
vid_227_frame_1.jpg,no,none
vid_228_frame_0.jpg,no,none
vid_228_frame_3.jpg,yes,medium
vid_229_frame_0.jpg,no,none
vid_229_frame_1.jpg,no,none
vid_229_frame_2.jpg,no,none
vid_229_frame_3.jpg,yes,medium
vid_230_frame_0.jpg,no,none
vid_230_frame_2.jpg,no,none
vid_231_frame_0.jpg,no,none
vid_232_frame_0.jpg,yes,low
vid_232_frame_3.jpg,yes,low
vid_233_frame_2.jpg,yes,low
vid_234_frame_0.jpg,yes,high
vid_234_frame_1.jpg,yes,high
vid_234_frame_3.jpg,yes,high
vid_235_frame_0.jpg,yes,low
vid_235_frame_1.jpg,yes,low
vid_236_frame_0.jpg,no,none
vid_236_frame_1.jpg,no,none
vid_236_frame_3.jpg,yes,high
vid_237_frame_0.jpg,no,none
vid_237_frame_1.jpg,no,none
vid_238_frame_1.jpg,yes,low
vid_239_frame_0.jpg,no,none
vid_239_frame_1.jpg,yes,medium
vid_239_frame_3.jpg,yes,medium
vid_240_frame_1.jpg,yes,high
vid_241_frame_1.jpg,yes,high
vid_242_frame_1.jpg,yes,low
vid_242_frame_2.jpg,yes,low
vid_242_frame_3.jpg,no,none
vid_243_frame_0.jpg,no,none
vid_243_frame_1.jpg,no,none
vid_243_frame_2.jpg,no,none
vid_243_frame_3.jpg,no,none
vid_244_frame_1.jpg,yes,high
vid_244_frame_2.jpg,yes,high
vid_245_frame_0.jpg,yes,medium
vid_246_frame_0.jpg,yes,low
vid_246_frame_1.jpg,yes,low
vid_246_frame_2.jpg,yes,low
vid_246_frame_3.jpg,yes,low
vid_247_frame_0.jpg,yes,high
vid_247_frame_1.jpg,yes,high
vid_247_frame_3.jpg,yes,high
vid_249_frame_0.jpg,no,none
vid_249_frame_1.jpg,no,none
vid_249_frame_2.jpg,no,none
vid_249_frame_3.jpg,no,none
vid_250_frame_0.jpg,no,none
vid_250_frame_3.jpg,yes,low
vid_251_frame_0.jpg,no,none
vid_251_frame_2.jpg,yes,low
vid_251_frame_3.jpg,yes,low
vid_252_frame_3.jpg,yes,low
vid_253_frame_0.jpg,no,none
vid_254_frame_0.jpg,yes,medium
vid_254_frame_1.jpg,yes,medium
vid_254_frame_2.jpg,yes,medium
vid_254_frame_3.jpg,yes,medium
vid_255_frame_2.jpg,yes,low
vid_255_frame_3.jpg,yes,low
vid_256_frame_1.jpg,no,none
vid_256_frame_3.jpg,yes,low
vid_257_frame_3.jpg,yes,low
vid_258_frame_0.jpg,no,none
vid_258_frame_2.jpg,no,none
vid_258_frame_3.jpg,no,none
vid_259_frame_2.jpg,yes,high
vid_259_frame_3.jpg,yes,high
vid_260_frame_0.jpg,yes,low
vid_260_frame_1.jpg,no,none
vid_260_frame_2.jpg,no,none
vid_260_frame_3.jpg,no,none
vid_261_frame_0.jpg,no,none
vid_261_frame_1.jpg,no,none
vid_261_frame_3.jpg,no,none
vid_262_frame_0.jpg,yes,medium
vid_263_frame_0.jpg,yes,medium
vid_263_frame_1.jpg,yes,medium
vid_265_frame_2.jpg,yes,high
vid_267_frame_0.jpg,yes,low
vid_267_frame_1.jpg,no,none
vid_267_frame_2.jpg,yes,medium
vid_267_frame_3.jpg,yes,high
vid_270_frame_0.jpg,no,none
vid_270_frame_1.jpg,no,none
vid_270_frame_2.jpg,no,none
vid_271_frame_1.jpg,yes,low
vid_271_frame_2.jpg,yes,low
vid_271_frame_3.jpg,yes,low
vid_272_frame_0.jpg,no,none
vid_273_frame_0.jpg,no,none
vid_273_frame_1.jpg,yes,low
vid_273_frame_2.jpg,yes,low
vid_273_frame_3.jpg,yes,medium
vid_274_frame_0.jpg,yes,medium
vid_274_frame_1.jpg,yes,high
vid_274_frame_2.jpg,yes,high
vid_274_frame_3.jpg,yes,high
vid_275_frame_0.jpg,yes,low
vid_275_frame_1.jpg,yes,low
vid_275_frame_2.jpg,yes,low
vid_276_frame_0.jpg,yes,low
vid_276_frame_1.jpg,yes,low
vid_276_frame_2.jpg,yes,low
vid_277_frame_0.jpg,no,none
vid_277_frame_1.jpg,yes,low
vid_277_frame_2.jpg,yes,low
vid_278_frame_0.jpg,no,none
vid_278_frame_1.jpg,yes,low
vid_278_frame_2.jpg,yes,low
vid_279_frame_0.jpg,yes,medium
vid_279_frame_1.jpg,no,none
vid_281_frame_0.jpg,yes,medium
vid_281_frame_2.jpg,yes,medium
vid_282_frame_0.jpg,yes,medium
vid_283_frame_0.jpg,yes,medium
vid_285_frame_0.jpg,yes,low
vid_285_frame_1.jpg,no,none
vid_285_frame_2.jpg,no,none
vid_287_frame_0.jpg,yes,high
vid_287_frame_1.jpg,yes,high
vid_287_frame_2.jpg,yes,high
vid_288_frame_0.jpg,yes,high
vid_291_frame_3.jpg,yes,medium
vid_293_frame_1.jpg,yes,medium
vid_293_frame_3.jpg,yes,high
vid_294_frame_2.jpg,no,none
vid_295_frame_0.jpg,yes,low
vid_295_frame_2.jpg,yes,low
vid_295_frame_3.jpg,no,none
vid_296_frame_0.jpg,yes,low
vid_296_frame_1.jpg,yes,low
vid_297_frame_0.jpg,no,none
vid_297_frame_1.jpg,no,none
vid_297_frame_2.jpg,no,none
vid_297_frame_3.jpg,yes,low
vid_299_frame_0.jpg,yes,low
vid_301_frame_1.jpg,no,none
vid_301_frame_2.jpg,yes,medium
vid_302_frame_0.jpg,no,none
vid_302_frame_2.jpg,yes,medium
vid_302_frame_3.jpg,yes,medium
vid_303_frame_0.jpg,yes,medium
vid_303_frame_1.jpg,yes,medium
vid_303_frame_2.jpg,yes,medium
vid_303_frame_3.jpg,yes,medium
vid_304_frame_0.jpg,yes,high
vid_304_frame_1.jpg,yes,high
vid_304_frame_2.jpg,yes,medium
vid_307_frame_0.jpg,no,none
vid_307_frame_1.jpg,yes,low
vid_307_frame_2.jpg,yes,low
vid_307_frame_3.jpg,yes,low
vid_308_frame_0.jpg,no,none
vid_308_frame_1.jpg,no,none
vid_308_frame_3.jpg,no,none
vid_309_frame_2.jpg,yes,high
vid_310_frame_0.jpg,yes,low
vid_310_frame_1.jpg,yes,low
vid_310_frame_2.jpg,yes,low
vid_310_frame_3.jpg,yes,low
vid_311_frame_0.jpg,yes,medium
vid_311_frame_1.jpg,yes,medium
vid_312_frame_0.jpg,yes,medium
vid_312_frame_1.jpg,yes,medium
vid_312_frame_3.jpg,yes,medium
vid_313_frame_1.jpg,yes,medium
vid_313_frame_2.jpg,yes,medium
vid_313_frame_3.jpg,yes,medium
vid_315_frame_1.jpg,yes,medium
vid_315_frame_2.jpg,yes,medium
vid_315_frame_3.jpg,yes,high
vid_317_frame_0.jpg,no,none
vid_317_frame_1.jpg,no,none
vid_318_frame_0.jpg,no,none
vid_318_frame_1.jpg,no,none
vid_318_frame_3.jpg,no,none
vid_320_frame_0.jpg,yes,low
vid_320_frame_1.jpg,yes,medium
vid_320_frame_2.jpg,yes,medium
vid_323_frame_0.jpg,yes,low
vid_323_frame_1.jpg,yes,low
vid_324_frame_1.jpg,yes,medium
vid_324_frame_2.jpg,yes,medium
vid_325_frame_2.jpg,yes,low
vid_325_frame_3.jpg,no,none
vid_326_frame_0.jpg,no,none
vid_326_frame_3.jpg,yes,medium
vid_327_frame_2.jpg,yes,high
vid_327_frame_3.jpg,yes,high
vid_328_frame_0.jpg,yes,low
vid_328_frame_1.jpg,yes,low
vid_328_frame_3.jpg,no,none
vid_330_frame_3.jpg,no,none
vid_331_frame_0.jpg,no,none
vid_331_frame_1.jpg,no,none
vid_333_frame_2.jpg,yes,low
vid_334_frame_0.jpg,yes,medium
vid_334_frame_3.jpg,yes,medium
vid_335_frame_0.jpg,yes,high
vid_335_frame_1.jpg,yes,high
vid_335_frame_2.jpg,yes,high
vid_335_frame_3.jpg,yes,medium
vid_336_frame_1.jpg,yes,medium
vid_336_frame_2.jpg,yes,medium
vid_340_frame_1.jpg,yes,high
vid_344_frame_0.jpg,yes,high
vid_344_frame_1.jpg,yes,high
vid_344_frame_2.jpg,yes,high
vid_344_frame_3.jpg,yes,high
vid_346_frame_1.jpg,yes,low
vid_346_frame_2.jpg,yes,low
vid_346_frame_3.jpg,yes,low
vid_347_frame_1.jpg,yes,medium
vid_347_frame_2.jpg,yes,high
vid_348_frame_0.jpg,yes,low
vid_348_frame_3.jpg,yes,low
vid_349_frame_0.jpg,no,none
vid_349_frame_1.jpg,no,none
vid_349_frame_2.jpg,no,none
vid_349_frame_3.jpg,no,none
vid_350_frame_0.jpg,yes,medium
vid_350_frame_1.jpg,yes,medium
vid_350_frame_2.jpg,yes,medium
vid_351_frame_0.jpg,no,none
vid_351_frame_1.jpg,no,none
vid_351_frame_3.jpg,yes,medium
vid_353_frame_0.jpg,yes,medium
vid_353_frame_1.jpg,yes,high
vid_353_frame_2.jpg,yes,high
vid_353_frame_3.jpg,yes,high
vid_355_frame_0.jpg,yes,medium
vid_355_frame_1.jpg,yes,medium
vid_355_frame_2.jpg,yes,medium
vid_355_frame_3.jpg,yes,medium
vid_356_frame_0.jpg,yes,medium
vid_356_frame_1.jpg,yes,medium
vid_356_frame_3.jpg,yes,high
vid_358_frame_0.jpg,no,none
vid_360_frame_0.jpg,yes,high
vid_360_frame_1.jpg,yes,high
vid_360_frame_2.jpg,yes,high
vid_360_frame_3.jpg,yes,high
vid_361_frame_0.jpg,no,none
vid_361_frame_1.jpg,yes,low
vid_361_frame_2.jpg,yes,low
vid_361_frame_3.jpg,yes,low
vid_364_frame_1.jpg,yes,medium
vid_364_frame_2.jpg,yes,medium
vid_364_frame_3.jpg,yes,medium
vid_365_frame_0.jpg,yes,medium
vid_365_frame_1.jpg,yes,medium
vid_365_frame_2.jpg,yes,medium
vid_365_frame_3.jpg,yes,medium
vid_366_frame_3.jpg,yes,medium
vid_368_frame_0.jpg,yes,medium
vid_368_frame_1.jpg,yes,medium
vid_368_frame_2.jpg,yes,medium
vid_369_frame_0.jpg,no,none
vid_369_frame_1.jpg,no,none
vid_369_frame_2.jpg,yes,low
vid_369_frame_3.jpg,yes,low
vid_370_frame_0.jpg,yes,low
vid_370_frame_1.jpg,yes,low
vid_370_frame_2.jpg,yes,low
vid_371_frame_0.jpg,yes,low
vid_371_frame_1.jpg,yes,low
vid_371_frame_2.jpg,yes,low
vid_371_frame_3.jpg,yes,high
vid_372_frame_0.jpg,no,none
vid_372_frame_1.jpg,yes,low
vid_372_frame_3.jpg,yes,low
vid_373_frame_0.jpg,yes,high
vid_373_frame_1.jpg,yes,high
vid_373_frame_3.jpg,yes,high
vid_374_frame_0.jpg,yes,medium
vid_374_frame_1.jpg,yes,medium
vid_374_frame_2.jpg,yes,medium
vid_374_frame_3.jpg,yes,high
vid_375_frame_0.jpg,yes,low
vid_375_frame_2.jpg,yes,medium
vid_376_frame_0.jpg,no,none
vid_376_frame_1.jpg,yes,low
vid_377_frame_0.jpg,no,none
vid_377_frame_1.jpg,no,none
vid_377_frame_2.jpg,no,none
vid_378_frame_0.jpg,no,none
vid_378_frame_1.jpg,yes,low
vid_378_frame_2.jpg,yes,low
vid_380_frame_0.jpg,no,none
vid_380_frame_1.jpg,no,none
vid_380_frame_2.jpg,no,none
vid_380_frame_3.jpg,no,none
vid_382_frame_0.jpg,yes,medium
vid_384_frame_0.jpg,yes,medium
vid_384_frame_1.jpg,yes,medium
vid_384_frame_2.jpg,yes,medium
vid_385_frame_0.jpg,yes,low
vid_385_frame_2.jpg,yes,low
vid_385_frame_3.jpg,yes,low
vid_387_frame_0.jpg,no,none
vid_387_frame_2.jpg,no,none
vid_387_frame_3.jpg,yes,low
vid_388_frame_1.jpg,no,none
vid_388_frame_2.jpg,no,none
vid_389_frame_0.jpg,no,none
vid_389_frame_1.jpg,no,none
vid_389_frame_2.jpg,no,none
vid_390_frame_0.jpg,no,none
vid_390_frame_1.jpg,yes,medium
vid_390_frame_2.jpg,yes,medium
vid_391_frame_0.jpg,no,none
vid_391_frame_3.jpg,no,none
vid_392_frame_1.jpg,yes,medium
vid_392_frame_2.jpg,yes,medium
vid_393_frame_0.jpg,no,none
vid_393_frame_1.jpg,no,none
vid_393_frame_2.jpg,no,none
vid_393_frame_3.jpg,yes,low
vid_394_frame_0.jpg,no,none
vid_395_frame_1.jpg,yes,low
vid_395_frame_3.jpg,no,none
vid_396_frame_1.jpg,yes,medium
vid_397_frame_0.jpg,no,none
vid_397_frame_1.jpg,no,none
vid_397_frame_3.jpg,no,none
vid_398_frame_2.jpg,no,none
vid_399_frame_0.jpg,no,none
vid_399_frame_3.jpg,yes,low
vid_400_frame_3.jpg,yes,low
vid_401_frame_0.jpg,no,none
vid_401_frame_1.jpg,no,none
vid_401_frame_2.jpg,yes,low
vid_401_frame_3.jpg,yes,low
vid_402_frame_2.jpg,yes,high
vid_402_frame_3.jpg,yes,high
vid_403_frame_0.jpg,no,none
vid_403_frame_1.jpg,no,none
vid_403_frame_3.jpg,no,none
vid_404_frame_0.jpg,no,none
vid_404_frame_1.jpg,no,none
vid_404_frame_2.jpg,no,none
vid_406_frame_0.jpg,no,none
vid_406_frame_1.jpg,no,none
vid_406_frame_2.jpg,no,none
vid_406_frame_3.jpg,no,none
vid_407_frame_0.jpg,no,none
vid_408_frame_1.jpg,yes,medium
vid_408_frame_2.jpg,yes,medium
vid_410_frame_0.jpg,no,none
vid_410_frame_1.jpg,no,none
vid_410_frame_3.jpg,yes,low
vid_411_frame_2.jpg,no,none
vid_412_frame_0.jpg,no,none
vid_412_frame_1.jpg,no,none
vid_412_frame_2.jpg,yes,low
vid_413_frame_0.jpg,no,none
vid_413_frame_1.jpg,no,none
vid_413_frame_2.jpg,no,none
vid_414_frame_1.jpg,yes,low
vid_415_frame_0.jpg,yes,low
vid_415_frame_1.jpg,no,none
vid_415_frame_2.jpg,no,none
vid_416_frame_0.jpg,no,none
vid_416_frame_2.jpg,no,none
vid_417_frame_0.jpg,yes,medium
vid_417_frame_1.jpg,yes,medium
vid_417_frame_3.jpg,no,none
vid_418_frame_0.jpg,no,none
vid_418_frame_3.jpg,yes,low
vid_419_frame_0.jpg,yes,low
vid_419_frame_1.jpg,yes,low
vid_419_frame_2.jpg,yes,low
vid_419_frame_3.jpg,no,none
vid_420_frame_0.jpg,no,none
vid_423_frame_1.jpg,no,none
vid_423_frame_2.jpg,no,none
vid_423_frame_3.jpg,yes,low
vid_424_frame_0.jpg,no,none
vid_426_frame_3.jpg,no,none
vid_427_frame_3.jpg,no,none
vid_428_frame_0.jpg,no,none
vid_431_frame_0.jpg,no,none
vid_431_frame_2.jpg,no,none
vid_431_frame_3.jpg,no,none
vid_432_frame_0.jpg,yes,medium
vid_432_frame_1.jpg,yes,medium
vid_432_frame_2.jpg,yes,medium
vid_432_frame_3.jpg,yes,medium
vid_433_frame_1.jpg,yes,medium
vid_433_frame_2.jpg,yes,medium
vid_433_frame_3.jpg,yes,low
vid_434_frame_0.jpg,yes,medium
vid_434_frame_1.jpg,yes,medium
vid_434_frame_2.jpg,yes,medium
vid_435_frame_0.jpg,no,none
vid_435_frame_1.jpg,no,none
vid_435_frame_2.jpg,no,none
vid_435_frame_3.jpg,no,none
vid_439_frame_0.jpg,no,none
vid_440_frame_0.jpg,no,none
vid_440_frame_1.jpg,no,none
vid_442_frame_1.jpg,yes,medium
vid_442_frame_2.jpg,yes,medium
vid_443_frame_0.jpg,no,none
vid_443_frame_1.jpg,no,none
vid_443_frame_2.jpg,no,none
vid_444_frame_0.jpg,no,none
vid_444_frame_1.jpg,no,none
vid_445_frame_0.jpg,yes,low
vid_445_frame_1.jpg,yes,low
vid_445_frame_2.jpg,yes,low
vid_445_frame_3.jpg,yes,low
vid_447_frame_1.jpg,yes,low
vid_447_frame_2.jpg,yes,low
vid_447_frame_3.jpg,yes,low
vid_448_frame_3.jpg,no,none
vid_449_frame_0.jpg,yes,medium
vid_450_frame_0.jpg,yes,medium
vid_451_frame_2.jpg,yes,high
vid_451_frame_3.jpg,yes,high
vid_452_frame_0.jpg,yes,medium
vid_452_frame_1.jpg,yes,medium
vid_452_frame_2.jpg,yes,medium
vid_452_frame_3.jpg,yes,medium
vid_453_frame_0.jpg,yes,low
vid_453_frame_1.jpg,yes,low
vid_453_frame_3.jpg,no,none
vid_454_frame_0.jpg,no,none
vid_454_frame_1.jpg,no,none
vid_454_frame_2.jpg,no,none
vid_455_frame_0.jpg,no,none
vid_455_frame_1.jpg,no,none
vid_455_frame_3.jpg,yes,low
vid_458_frame_0.jpg,yes,high
vid_458_frame_1.jpg,no,none
vid_459_frame_0.jpg,yes,medium
vid_459_frame_1.jpg,yes,medium
vid_459_frame_2.jpg,yes,medium
vid_460_frame_0.jpg,no,none
vid_460_frame_1.jpg,no,none
vid_460_frame_3.jpg,yes,medium
vid_461_frame_2.jpg,yes,low
vid_461_frame_3.jpg,yes,medium
vid_462_frame_1.jpg,yes,medium
vid_462_frame_2.jpg,yes,medium
vid_462_frame_3.jpg,yes,medium
vid_463_frame_0.jpg,no,none
vid_463_frame_1.jpg,no,none
vid_463_frame_2.jpg,no,none
vid_464_frame_1.jpg,yes,medium
vid_464_frame_2.jpg,yes,medium
vid_465_frame_0.jpg,yes,low
vid_465_frame_1.jpg,yes,low
vid_465_frame_2.jpg,yes,low
vid_465_frame_3.jpg,yes,low
vid_468_frame_0.jpg,yes,low
vid_468_frame_1.jpg,yes,low
vid_468_frame_2.jpg,yes,low
vid_468_frame_3.jpg,yes,low
vid_469_frame_0.jpg,no,none
vid_469_frame_1.jpg,no,none
vid_469_frame_2.jpg,no,none
vid_469_frame_3.jpg,no,none
vid_470_frame_3.jpg,yes,low
vid_471_frame_1.jpg,yes,medium
vid_471_frame_2.jpg,yes,medium
vid_471_frame_3.jpg,yes,medium
vid_472_frame_0.jpg,yes,high
vid_472_frame_1.jpg,yes,high
vid_472_frame_2.jpg,yes,high
vid_472_frame_3.jpg,yes,high
vid_473_frame_0.jpg,yes,high
vid_473_frame_1.jpg,yes,high
vid_473_frame_2.jpg,yes,high
vid_474_frame_3.jpg,yes,medium
vid_476_frame_0.jpg,yes,low
vid_476_frame_1.jpg,yes,low
vid_476_frame_2.jpg,yes,medium
vid_477_frame_0.jpg,no,none
vid_477_frame_1.jpg,no,none
vid_477_frame_2.jpg,no,none
vid_477_frame_3.jpg,no,none
vid_478_frame_0.jpg,no,none
vid_478_frame_1.jpg,no,none
vid_480_frame_1.jpg,yes,low
vid_480_frame_2.jpg,yes,low
vid_480_frame_3.jpg,yes,low
vid_481_frame_0.jpg,yes,low
vid_481_frame_1.jpg,yes,low
vid_481_frame_2.jpg,yes,low
vid_481_frame_3.jpg,yes,low
vid_482_frame_0.jpg,no,none
vid_482_frame_1.jpg,yes,low
vid_482_frame_2.jpg,yes,low
vid_482_frame_3.jpg,yes,low
vid_483_frame_0.jpg,yes,medium
vid_483_frame_1.jpg,yes,medium
vid_483_frame_2.jpg,yes,medium
vid_484_frame_0.jpg,yes,medium
vid_484_frame_1.jpg,yes,medium
vid_484_frame_2.jpg,yes,medium
vid_484_frame_3.jpg,yes,medium
vid_485_frame_0.jpg,yes,medium
vid_485_frame_1.jpg,yes,low
vid_486_frame_0.jpg,yes,medium
vid_486_frame_1.jpg,yes,low
vid_486_frame_2.jpg,yes,low
vid_487_frame_1.jpg,yes,low
vid_487_frame_2.jpg,yes,low
vid_487_frame_3.jpg,yes,low
vid_488_frame_0.jpg,no,none
vid_488_frame_1.jpg,yes,low
vid_488_frame_2.jpg,yes,low
vid_488_frame_3.jpg,yes,low
vid_489_frame_0.jpg,no,none
vid_490_frame_0.jpg,yes,medium
vid_490_frame_1.jpg,yes,medium
vid_490_frame_2.jpg,yes,medium
vid_491_frame_1.jpg,no,none
vid_491_frame_2.jpg,no,none
vid_492_frame_1.jpg,no,none
vid_492_frame_2.jpg,no,none
vid_492_frame_3.jpg,no,none
vid_494_frame_0.jpg,no,none
vid_494_frame_1.jpg,no,none
vid_494_frame_2.jpg,yes,low
vid_494_frame_3.jpg,no,none
vid_496_frame_0.jpg,yes,medium
vid_496_frame_1.jpg,yes,low
vid_496_frame_2.jpg,yes,low
vid_496_frame_3.jpg,yes,low
vid_497_frame_0.jpg,no,none
vid_497_frame_1.jpg,yes,low
vid_497_frame_2.jpg,yes,high
vid_497_frame_3.jpg,yes,high
vid_499_frame_0.jpg,no,none
vid_499_frame_1.jpg,no,none
vid_499_frame_2.jpg,yes,low
vid_500_frame_0.jpg,no,none
vid_501_frame_1.jpg,yes,medium
vid_501_frame_2.jpg,yes,medium
vid_501_frame_3.jpg,yes,medium
vid_502_frame_0.jpg,yes,high
vid_502_frame_1.jpg,yes,high
vid_502_frame_2.jpg,yes,high
vid_502_frame_3.jpg,yes,high
vid_504_frame_0.jpg,yes,low
vid_504_frame_1.jpg,yes,medium
vid_504_frame_2.jpg,yes,medium
vid_504_frame_3.jpg,yes,medium
vid_505_frame_0.jpg,no,none
vid_505_frame_1.jpg,yes,high
vid_505_frame_2.jpg,yes,high
vid_505_frame_3.jpg,yes,high
vid_507_frame_0.jpg,no,none
vid_507_frame_1.jpg,no,none
vid_507_frame_2.jpg,yes,low
vid_508_frame_1.jpg,no,none
vid_508_frame_2.jpg,no,none
vid_508_frame_3.jpg,no,none
vid_509_frame_0.jpg,yes,medium
vid_509_frame_2.jpg,no,none
vid_509_frame_3.jpg,no,none
vid_510_frame_0.jpg,no,none
vid_510_frame_1.jpg,no,none
vid_512_frame_0.jpg,yes,medium
vid_512_frame_2.jpg,no,none
vid_513_frame_0.jpg,yes,medium
vid_513_frame_1.jpg,yes,low
vid_514_frame_3.jpg,no,none
vid_515_frame_0.jpg,yes,high
vid_515_frame_1.jpg,yes,medium
vid_515_frame_2.jpg,yes,medium
vid_515_frame_3.jpg,yes,medium
vid_517_frame_0.jpg,yes,medium
vid_517_frame_1.jpg,yes,medium
vid_518_frame_0.jpg,yes,high
vid_518_frame_1.jpg,yes,high
vid_518_frame_2.jpg,yes,high
vid_518_frame_3.jpg,yes,high
vid_520_frame_0.jpg,yes,low
vid_520_frame_1.jpg,yes,low
vid_520_frame_2.jpg,yes,low
vid_520_frame_3.jpg,yes,low
vid_521_frame_0.jpg,yes,medium
vid_521_frame_1.jpg,yes,high
vid_521_frame_2.jpg,yes,high
vid_521_frame_3.jpg,yes,high
vid_522_frame_0.jpg,yes,high
vid_522_frame_1.jpg,yes,high
vid_522_frame_2.jpg,yes,high
vid_522_frame_3.jpg,yes,high
vid_523_frame_0.jpg,no,none
vid_523_frame_2.jpg,yes,low
vid_523_frame_3.jpg,yes,low
vid_525_frame_0.jpg,no,none
vid_525_frame_1.jpg,yes,medium
vid_525_frame_2.jpg,yes,medium
vid_525_frame_3.jpg,yes,medium
vid_527_frame_0.jpg,yes,low
vid_527_frame_1.jpg,yes,low
vid_527_frame_2.jpg,yes,low
vid_527_frame_3.jpg,yes,low
vid_528_frame_0.jpg,yes,medium
vid_528_frame_1.jpg,yes,medium
vid_528_frame_2.jpg,yes,medium
vid_529_frame_0.jpg,yes,medium
vid_529_frame_1.jpg,yes,medium
vid_529_frame_2.jpg,yes,medium
vid_529_frame_3.jpg,yes,high
vid_530_frame_0.jpg,yes,medium
vid_530_frame_1.jpg,yes,medium
vid_530_frame_2.jpg,yes,medium
vid_530_frame_3.jpg,yes,medium
vid_531_frame_0.jpg,no,none
vid_531_frame_1.jpg,no,none
vid_532_frame_0.jpg,no,none
vid_532_frame_1.jpg,no,none
vid_532_frame_2.jpg,no,none
vid_532_frame_3.jpg,yes,low
vid_533_frame_0.jpg,no,none
vid_533_frame_1.jpg,no,none
vid_533_frame_2.jpg,no,none
vid_533_frame_3.jpg,yes,low
vid_534_frame_0.jpg,yes,low
vid_534_frame_1.jpg,yes,low
vid_534_frame_2.jpg,yes,low
vid_535_frame_0.jpg,no,none
vid_535_frame_1.jpg,no,none
vid_535_frame_2.jpg,no,none
vid_535_frame_3.jpg,no,none
vid_536_frame_0.jpg,no,none
vid_536_frame_1.jpg,no,none
vid_536_frame_2.jpg,no,none
vid_536_frame_3.jpg,yes,low
vid_538_frame_0.jpg,yes,medium
vid_538_frame_1.jpg,yes,medium
vid_538_frame_2.jpg,yes,medium
vid_538_frame_3.jpg,yes,medium
vid_539_frame_0.jpg,yes,high
vid_539_frame_1.jpg,yes,high
vid_539_frame_3.jpg,no,none
vid_540_frame_0.jpg,yes,medium
vid_540_frame_1.jpg,yes,medium
vid_540_frame_2.jpg,yes,medium
vid_540_frame_3.jpg,yes,medium
vid_541_frame_0.jpg,yes,medium
vid_541_frame_1.jpg,yes,medium
vid_541_frame_2.jpg,yes,medium
vid_541_frame_3.jpg,yes,medium
vid_542_frame_0.jpg,no,none
vid_542_frame_1.jpg,no,none
vid_542_frame_2.jpg,no,none
vid_543_frame_0.jpg,no,none
vid_543_frame_2.jpg,yes,low
vid_543_frame_3.jpg,yes,low
vid_544_frame_0.jpg,no,none
vid_544_frame_1.jpg,no,none
vid_544_frame_2.jpg,no,none
vid_545_frame_0.jpg,yes,low
vid_545_frame_1.jpg,yes,low
vid_545_frame_3.jpg,yes,low
vid_546_frame_0.jpg,yes,low
vid_546_frame_1.jpg,yes,medium
vid_546_frame_2.jpg,yes,medium
vid_546_frame_3.jpg,yes,medium
vid_547_frame_0.jpg,yes,high
vid_547_frame_1.jpg,yes,high
vid_547_frame_2.jpg,yes,high
vid_549_frame_1.jpg,yes,medium
vid_549_frame_2.jpg,yes,medium
vid_549_frame_3.jpg,yes,high
vid_550_frame_0.jpg,no,none
vid_550_frame_1.jpg,no,none
vid_550_frame_2.jpg,no,none
vid_552_frame_0.jpg,no,none
vid_552_frame_1.jpg,yes,low
vid_552_frame_2.jpg,yes,low
vid_552_frame_3.jpg,yes,low
vid_554_frame_0.jpg,no,none
vid_554_frame_1.jpg,no,none
vid_555_frame_0.jpg,no,none
vid_559_frame_0.jpg,yes,low
vid_559_frame_3.jpg,yes,low
vid_561_frame_1.jpg,no,none
vid_561_frame_2.jpg,yes,low
vid_561_frame_3.jpg,yes,low
vid_563_frame_0.jpg,no,none
vid_563_frame_1.jpg,no,none
vid_564_frame_0.jpg,no,none
vid_564_frame_1.jpg,no,none
vid_565_frame_0.jpg,no,none
vid_565_frame_1.jpg,no,none
vid_565_frame_2.jpg,yes,medium
vid_565_frame_3.jpg,yes,medium
vid_566_frame_0.jpg,yes,medium
vid_566_frame_1.jpg,no,none
vid_566_frame_2.jpg,no,none
vid_566_frame_3.jpg,no,none
vid_567_frame_0.jpg,no,none
vid_567_frame_1.jpg,yes,medium
vid_567_frame_2.jpg,yes,medium
vid_567_frame_3.jpg,yes,medium
vid_568_frame_0.jpg,no,none
vid_568_frame_1.jpg,yes,medium
vid_568_frame_2.jpg,yes,medium
vid_568_frame_3.jpg,yes,medium
vid_570_frame_0.jpg,yes,low
vid_570_frame_1.jpg,yes,low
vid_570_frame_2.jpg,yes,low
vid_570_frame_3.jpg,yes,low
vid_574_frame_2.jpg,yes,high
vid_575_frame_0.jpg,yes,high
vid_575_frame_1.jpg,yes,high
vid_575_frame_2.jpg,yes,high
vid_575_frame_3.jpg,yes,high
vid_579_frame_0.jpg,no,none
vid_579_frame_1.jpg,no,none
vid_579_frame_2.jpg,yes,low
vid_586_frame_0.jpg,yes,high
vid_587_frame_0.jpg,yes,high
vid_588_frame_0.jpg,no,none
vid_588_frame_1.jpg,yes,medium
vid_588_frame_2.jpg,yes,medium
vid_588_frame_3.jpg,yes,medium
vid_589_frame_0.jpg,yes,medium
vid_589_frame_2.jpg,yes,high
vid_590_frame_3.jpg,no,none
vid_591_frame_0.jpg,no,none
vid_592_frame_0.jpg,yes,medium
vid_592_frame_1.jpg,yes,medium
vid_592_frame_2.jpg,yes,medium
vid_593_frame_0.jpg,yes,medium
vid_593_frame_2.jpg,yes,high
vid_593_frame_3.jpg,yes,high
vid_594_frame_0.jpg,yes,high
vid_594_frame_1.jpg,yes,high
vid_594_frame_2.jpg,yes,high
vid_594_frame_3.jpg,yes,high
vid_595_frame_1.jpg,yes,high
vid_601_frame_3.jpg,yes,medium
vid_602_frame_0.jpg,no,none
vid_602_frame_1.jpg,no,none
vid_602_frame_2.jpg,no,none
vid_602_frame_3.jpg,no,none
vid_603_frame_0.jpg,no,none
vid_603_frame_3.jpg,yes,medium
vid_604_frame_1.jpg,yes,medium
vid_604_frame_2.jpg,yes,medium
vid_604_frame_3.jpg,yes,medium
vid_605_frame_0.jpg,yes,low
vid_605_frame_1.jpg,yes,medium
vid_605_frame_2.jpg,yes,medium
vid_605_frame_3.jpg,yes,medium
vid_606_frame_0.jpg,no,none
vid_607_frame_0.jpg,no,none
vid_607_frame_2.jpg,no,none
vid_608_frame_0.jpg,yes,high
vid_608_frame_1.jpg,yes,high
vid_608_frame_2.jpg,yes,high
vid_608_frame_3.jpg,yes,high
vid_610_frame_0.jpg,no,none
vid_610_frame_2.jpg,yes,medium
vid_610_frame_3.jpg,yes,medium
vid_611_frame_0.jpg,no,none
vid_611_frame_1.jpg,no,none
vid_611_frame_3.jpg,yes,low
vid_612_frame_1.jpg,no,none
vid_612_frame_2.jpg,no,none
vid_612_frame_3.jpg,no,none
vid_613_frame_1.jpg,no,none
vid_614_frame_1.jpg,yes,low
vid_615_frame_0.jpg,no,none
vid_615_frame_1.jpg,no,none
vid_615_frame_2.jpg,no,none
vid_615_frame_3.jpg,no,none
vid_616_frame_0.jpg,no,none
vid_616_frame_1.jpg,no,none
vid_616_frame_2.jpg,no,none
vid_616_frame_3.jpg,no,none
vid_617_frame_0.jpg,yes,medium
vid_617_frame_1.jpg,yes,low
vid_617_frame_2.jpg,yes,low
vid_617_frame_3.jpg,yes,low
vid_618_frame_2.jpg,yes,high
vid_618_frame_3.jpg,yes,high
vid_621_frame_0.jpg,no,none
vid_621_frame_1.jpg,yes,low
vid_621_frame_2.jpg,yes,medium
vid_622_frame_0.jpg,no,none
vid_623_frame_0.jpg,yes,medium
vid_623_frame_1.jpg,yes,medium
vid_624_frame_0.jpg,yes,low
vid_624_frame_1.jpg,yes,low
vid_624_frame_2.jpg,yes,low
vid_624_frame_3.jpg,yes,low
vid_625_frame_1.jpg,yes,low
vid_625_frame_2.jpg,yes,low
vid_626_frame_0.jpg,yes,low
vid_626_frame_1.jpg,yes,low
vid_626_frame_3.jpg,yes,low
vid_627_frame_0.jpg,yes,low
vid_627_frame_1.jpg,yes,low
vid_627_frame_2.jpg,yes,low
vid_627_frame_3.jpg,yes,low
vid_628_frame_2.jpg,yes,low
vid_628_frame_3.jpg,yes,high
vid_629_frame_0.jpg,yes,high
vid_629_frame_1.jpg,yes,high
vid_629_frame_2.jpg,yes,high
vid_629_frame_3.jpg,yes,high
vid_630_frame_1.jpg,yes,low
vid_630_frame_2.jpg,no,none
vid_631_frame_0.jpg,yes,high
vid_631_frame_1.jpg,yes,high
vid_631_frame_2.jpg,yes,high
vid_631_frame_3.jpg,yes,high
vid_632_frame_0.jpg,yes,high
vid_632_frame_1.jpg,yes,high
vid_632_frame_2.jpg,yes,high
vid_633_frame_0.jpg,no,none
vid_633_frame_1.jpg,no,none
vid_633_frame_2.jpg,yes,low
vid_633_frame_3.jpg,yes,low
vid_635_frame_0.jpg,no,none
vid_636_frame_0.jpg,yes,high
vid_636_frame_1.jpg,yes,high
vid_636_frame_2.jpg,yes,high
vid_636_frame_3.jpg,yes,high
vid_639_frame_0.jpg,no,none
vid_639_frame_1.jpg,no,none
vid_639_frame_2.jpg,no,none
vid_639_frame_3.jpg,yes,low
vid_641_frame_0.jpg,yes,medium
vid_641_frame_1.jpg,yes,medium
vid_641_frame_2.jpg,yes,medium
vid_641_frame_3.jpg,yes,medium
vid_642_frame_0.jpg,yes,low
vid_643_frame_0.jpg,no,none
vid_643_frame_1.jpg,yes,low
vid_643_frame_2.jpg,yes,medium
vid_643_frame_3.jpg,yes,medium
vid_644_frame_0.jpg,yes,medium
vid_644_frame_1.jpg,yes,medium
vid_644_frame_2.jpg,yes,medium
vid_644_frame_3.jpg,yes,medium
vid_647_frame_3.jpg,yes,high
vid_651_frame_0.jpg,no,none
vid_651_frame_1.jpg,no,none
vid_651_frame_2.jpg,no,none
vid_652_frame_0.jpg,yes,medium
vid_653_frame_1.jpg,yes,medium
vid_653_frame_2.jpg,yes,medium
vid_653_frame_3.jpg,yes,medium
vid_655_frame_0.jpg,yes,low
vid_655_frame_1.jpg,yes,low
vid_655_frame_2.jpg,yes,low
vid_655_frame_3.jpg,yes,low
vid_656_frame_3.jpg,yes,low
vid_661_frame_0.jpg,yes,medium
vid_662_frame_0.jpg,no,none
vid_662_frame_1.jpg,yes,low
vid_662_frame_2.jpg,yes,low
vid_662_frame_3.jpg,yes,low
vid_663_frame_0.jpg,yes,medium
vid_663_frame_1.jpg,yes,medium
vid_663_frame_2.jpg,yes,medium
vid_663_frame_3.jpg,yes,medium
vid_664_frame_0.jpg,no,none
vid_664_frame_1.jpg,no,none
vid_664_frame_2.jpg,no,none
vid_664_frame_3.jpg,yes,low
vid_668_frame_0.jpg,no,none
vid_668_frame_1.jpg,no,none
vid_668_frame_2.jpg,no,none
vid_668_frame_3.jpg,no,none
vid_671_frame_1.jpg,yes,medium
vid_671_frame_2.jpg,yes,high
vid_672_frame_0.jpg,yes,medium
vid_672_frame_1.jpg,yes,medium
vid_672_frame_2.jpg,yes,medium
vid_672_frame_3.jpg,yes,medium
vid_673_frame_0.jpg,no,none
vid_673_frame_1.jpg,yes,low
vid_673_frame_2.jpg,yes,low
vid_673_frame_3.jpg,no,none
vid_674_frame_0.jpg,yes,low
vid_674_frame_1.jpg,no,none
vid_674_frame_2.jpg,no,none
vid_674_frame_3.jpg,yes,low
vid_675_frame_0.jpg,no,none
vid_676_frame_0.jpg,yes,low
vid_676_frame_1.jpg,yes,low
vid_676_frame_2.jpg,yes,low
vid_676_frame_3.jpg,yes,low
vid_677_frame_0.jpg,yes,medium
vid_678_frame_0.jpg,yes,high
vid_678_frame_1.jpg,yes,high
vid_678_frame_2.jpg,yes,high
vid_678_frame_3.jpg,yes,high
vid_679_frame_0.jpg,yes,medium
vid_679_frame_1.jpg,yes,medium
vid_679_frame_2.jpg,yes,medium
vid_679_frame_3.jpg,yes,medium
vid_681_frame_0.jpg,yes,medium
vid_681_frame_1.jpg,yes,low
vid_682_frame_0.jpg,yes,low
vid_682_frame_1.jpg,yes,low
vid_682_frame_2.jpg,yes,low
vid_682_frame_3.jpg,yes,low
vid_684_frame_0.jpg,no,none
vid_684_frame_1.jpg,no,none
vid_684_frame_2.jpg,no,none
vid_684_frame_3.jpg,no,none
vid_685_frame_0.jpg,yes,high
vid_685_frame_1.jpg,yes,medium
vid_685_frame_2.jpg,yes,medium
vid_685_frame_3.jpg,yes,medium
vid_693_frame_0.jpg,no,none
vid_693_frame_2.jpg,yes,medium
vid_698_frame_0.jpg,no,none
vid_698_frame_1.jpg,no,none
vid_698_frame_2.jpg,no,none
vid_698_frame_3.jpg,yes,low
vid_699_frame_0.jpg,no,none
vid_699_frame_3.jpg,yes,low
vid_700_frame_0.jpg,no,none
vid_700_frame_1.jpg,no,none
vid_700_frame_2.jpg,no,none
vid_705_frame_0.jpg,yes,medium
vid_705_frame_1.jpg,yes,low
vid_707_frame_0.jpg,yes,medium
vid_707_frame_1.jpg,yes,low
vid_707_frame_2.jpg,yes,medium
vid_708_frame_0.jpg,yes,medium
vid_708_frame_1.jpg,yes,medium
vid_708_frame_2.jpg,yes,medium
vid_708_frame_3.jpg,yes,medium
vid_709_frame_0.jpg,yes,low
vid_709_frame_2.jpg,no,none
vid_709_frame_3.jpg,no,none
vid_710_frame_0.jpg,no,none
vid_710_frame_2.jpg,no,none
vid_710_frame_3.jpg,no,none
vid_712_frame_0.jpg,no,none
vid_712_frame_1.jpg,no,none
vid_712_frame_2.jpg,no,none
vid_712_frame_3.jpg,no,none
vid_713_frame_0.jpg,no,none
vid_713_frame_1.jpg,yes,low
vid_713_frame_2.jpg,yes,low
vid_713_frame_3.jpg,yes,low
vid_714_frame_0.jpg,no,none
vid_714_frame_1.jpg,no,none
vid_714_frame_2.jpg,no,none
vid_714_frame_3.jpg,yes,medium
vid_717_frame_0.jpg,yes,medium
vid_717_frame_1.jpg,yes,medium
vid_717_frame_2.jpg,yes,medium
vid_717_frame_3.jpg,yes,medium
vid_718_frame_0.jpg,yes,low
vid_718_frame_1.jpg,yes,low
vid_718_frame_2.jpg,yes,low
vid_718_frame_3.jpg,yes,low
vid_719_frame_0.jpg,yes,low
vid_719_frame_1.jpg,yes,low
vid_719_frame_2.jpg,yes,low
vid_719_frame_3.jpg,yes,low
vid_721_frame_0.jpg,yes,high
vid_721_frame_1.jpg,yes,high
vid_721_frame_2.jpg,yes,high
vid_721_frame_3.jpg,yes,high
vid_722_frame_0.jpg,yes,medium
vid_722_frame_1.jpg,yes,medium
vid_722_frame_2.jpg,yes,medium
vid_722_frame_3.jpg,yes,low
vid_723_frame_0.jpg,no,none
vid_723_frame_1.jpg,no,none
vid_723_frame_2.jpg,no,none
vid_723_frame_3.jpg,no,none
vid_724_frame_3.jpg,yes,low
vid_725_frame_0.jpg,no,none
vid_725_frame_1.jpg,no,none
vid_725_frame_2.jpg,no,none
vid_725_frame_3.jpg,no,none
vid_726_frame_2.jpg,yes,high
vid_726_frame_3.jpg,yes,high
vid_727_frame_0.jpg,yes,high
vid_730_frame_2.jpg,yes,high
vid_730_frame_3.jpg,yes,high
vid_733_frame_1.jpg,yes,medium
vid_733_frame_2.jpg,yes,medium
vid_733_frame_3.jpg,yes,medium
vid_734_frame_0.jpg,no,none
vid_734_frame_1.jpg,yes,low
vid_734_frame_2.jpg,yes,low
vid_734_frame_3.jpg,no,none
vid_735_frame_0.jpg,no,none
vid_735_frame_1.jpg,no,none
vid_736_frame_0.jpg,yes,low
vid_736_frame_2.jpg,yes,low
vid_736_frame_3.jpg,yes,low
vid_737_frame_0.jpg,yes,low
vid_737_frame_3.jpg,yes,low
vid_738_frame_0.jpg,no,none
vid_738_frame_1.jpg,no,none
vid_738_frame_2.jpg,no,none
vid_740_frame_0.jpg,no,none
vid_741_frame_0.jpg,no,none
vid_741_frame_1.jpg,yes,low
vid_741_frame_2.jpg,no,none
vid_741_frame_3.jpg,no,none
vid_742_frame_1.jpg,no,none
vid_742_frame_2.jpg,no,none
vid_742_frame_3.jpg,no,none
vid_743_frame_0.jpg,no,none
vid_743_frame_1.jpg,no,none
vid_744_frame_0.jpg,no,none
vid_744_frame_1.jpg,no,none
vid_745_frame_0.jpg,yes,low
vid_745_frame_1.jpg,yes,low
vid_746_frame_0.jpg,no,none
vid_746_frame_1.jpg,no,none
vid_748_frame_0.jpg,yes,high
vid_748_frame_1.jpg,yes,high
vid_748_frame_2.jpg,yes,high
vid_749_frame_0.jpg,yes,medium
vid_749_frame_1.jpg,yes,high
vid_749_frame_2.jpg,yes,high
vid_749_frame_3.jpg,yes,medium
vid_750_frame_0.jpg,no,none
vid_754_frame_0.jpg,yes,low
vid_754_frame_1.jpg,yes,low
vid_754_frame_2.jpg,yes,low
vid_754_frame_3.jpg,yes,low
vid_755_frame_0.jpg,yes,high
vid_755_frame_1.jpg,yes,high
vid_755_frame_2.jpg,yes,medium
vid_755_frame_3.jpg,yes,medium
vid_758_frame_2.jpg,yes,medium
vid_758_frame_3.jpg,yes,medium
vid_759_frame_0.jpg,no,none
vid_759_frame_1.jpg,no,none
vid_759_frame_2.jpg,no,none
vid_762_frame_1.jpg,yes,medium
vid_762_frame_2.jpg,yes,high
vid_762_frame_3.jpg,yes,high
vid_763_frame_1.jpg,no,none
vid_763_frame_2.jpg,no,none
vid_763_frame_3.jpg,yes,low
vid_764_frame_0.jpg,yes,medium
vid_764_frame_1.jpg,yes,medium
vid_764_frame_2.jpg,yes,medium
vid_764_frame_3.jpg,yes,medium
vid_769_frame_0.jpg,no,none
vid_769_frame_1.jpg,no,none
vid_769_frame_2.jpg,yes,low
vid_769_frame_3.jpg,yes,medium
vid_770_frame_2.jpg,yes,medium
vid_770_frame_3.jpg,yes,medium
vid_771_frame_0.jpg,yes,medium
vid_771_frame_1.jpg,yes,high
vid_771_frame_2.jpg,yes,medium
vid_771_frame_3.jpg,yes,high
vid_774_frame_0.jpg,yes,low
vid_774_frame_1.jpg,yes,low
vid_774_frame_2.jpg,yes,low
vid_774_frame_3.jpg,yes,low
vid_776_frame_1.jpg,yes,low
vid_776_frame_2.jpg,yes,low
vid_776_frame_3.jpg,yes,low
vid_777_frame_0.jpg,yes,low
vid_777_frame_1.jpg,yes,low
vid_777_frame_2.jpg,yes,low
vid_777_frame_3.jpg,yes,low
vid_778_frame_0.jpg,yes,medium
vid_778_frame_1.jpg,yes,medium
vid_778_frame_2.jpg,yes,medium
vid_778_frame_3.jpg,yes,medium
vid_779_frame_0.jpg,yes,low
vid_779_frame_1.jpg,yes,low
vid_779_frame_2.jpg,yes,low
vid_779_frame_3.jpg,yes,low
vid_780_frame_0.jpg,yes,low
vid_780_frame_1.jpg,yes,low
vid_780_frame_2.jpg,yes,low
vid_780_frame_3.jpg,yes,low
vid_781_frame_0.jpg,no,none
vid_781_frame_1.jpg,yes,low
vid_781_frame_2.jpg,yes,low
vid_781_frame_3.jpg,yes,low
vid_782_frame_0.jpg,no,none
vid_782_frame_1.jpg,no,none
vid_782_frame_2.jpg,no,none
vid_782_frame_3.jpg,no,none
vid_783_frame_0.jpg,yes,high
vid_783_frame_1.jpg,yes,high
vid_783_frame_2.jpg,yes,high
vid_783_frame_3.jpg,yes,high
vid_784_frame_0.jpg,no,none
vid_784_frame_1.jpg,no,none
vid_784_frame_2.jpg,no,none
vid_784_frame_3.jpg,no,none
vid_785_frame_0.jpg,yes,low
vid_785_frame_1.jpg,yes,low
vid_785_frame_2.jpg,yes,low
vid_785_frame_3.jpg,yes,medium
vid_789_frame_0.jpg,yes,medium
vid_789_frame_1.jpg,yes,medium
vid_789_frame_2.jpg,yes,medium
vid_789_frame_3.jpg,yes,low
vid_790_frame_0.jpg,yes,medium
vid_792_frame_0.jpg,yes,high
vid_792_frame_1.jpg,yes,high
vid_792_frame_2.jpg,yes,high
vid_792_frame_3.jpg,yes,high
vid_793_frame_0.jpg,no,none
vid_793_frame_1.jpg,no,none
vid_793_frame_2.jpg,yes,medium
vid_794_frame_0.jpg,no,none
vid_794_frame_1.jpg,yes,medium
vid_794_frame_2.jpg,yes,medium
vid_794_frame_3.jpg,yes,low
vid_796_frame_0.jpg,yes,high
vid_796_frame_1.jpg,yes,high
vid_796_frame_2.jpg,yes,high
vid_796_frame_3.jpg,yes,high
vid_797_frame_0.jpg,no,none
vid_797_frame_1.jpg,yes,low
vid_797_frame_2.jpg,yes,low
vid_797_frame_3.jpg,yes,low
vid_798_frame_0.jpg,yes,high
vid_798_frame_1.jpg,yes,high
vid_798_frame_2.jpg,yes,high
vid_798_frame_3.jpg,yes,high
vid_802_frame_0.jpg,yes,low
vid_802_frame_1.jpg,yes,low
vid_803_frame_1.jpg,yes,medium
vid_803_frame_3.jpg,yes,low
vid_804_frame_0.jpg,yes,low
vid_804_frame_1.jpg,yes,low
vid_804_frame_2.jpg,yes,medium
vid_804_frame_3.jpg,yes,medium
vid_805_frame_0.jpg,yes,high
vid_805_frame_2.jpg,yes,medium
vid_805_frame_3.jpg,yes,medium
vid_806_frame_0.jpg,yes,low
vid_806_frame_1.jpg,yes,low
vid_806_frame_2.jpg,yes,low
vid_806_frame_3.jpg,yes,low
vid_807_frame_0.jpg,no,none
vid_807_frame_1.jpg,yes,low
vid_807_frame_2.jpg,no,none
vid_807_frame_3.jpg,no,none
vid_808_frame_0.jpg,no,none
vid_808_frame_1.jpg,no,none
vid_808_frame_2.jpg,no,none
vid_809_frame_0.jpg,yes,high
vid_809_frame_1.jpg,yes,high
vid_809_frame_2.jpg,yes,high
vid_809_frame_3.jpg,yes,high
vid_810_frame_0.jpg,no,none
vid_810_frame_1.jpg,yes,low
vid_810_frame_2.jpg,yes,low
vid_810_frame_3.jpg,yes,low
vid_811_frame_2.jpg,yes,low
vid_811_frame_3.jpg,yes,low
vid_812_frame_0.jpg,no,none
vid_812_frame_1.jpg,yes,low
vid_812_frame_2.jpg,yes,low
vid_812_frame_3.jpg,yes,low
vid_813_frame_0.jpg,no,none
vid_813_frame_1.jpg,no,none
vid_814_frame_1.jpg,no,none
vid_814_frame_2.jpg,no,none
vid_814_frame_3.jpg,yes,medium
vid_815_frame_0.jpg,no,none
vid_815_frame_3.jpg,yes,medium
vid_816_frame_0.jpg,yes,low
vid_816_frame_1.jpg,yes,low
vid_817_frame_0.jpg,no,none
vid_817_frame_2.jpg,yes,low
vid_818_frame_0.jpg,yes,low
vid_818_frame_1.jpg,yes,low
vid_818_frame_2.jpg,yes,low
vid_818_frame_3.jpg,yes,low
vid_820_frame_0.jpg,no,none
vid_820_frame_1.jpg,no,none
vid_820_frame_2.jpg,no,none
vid_820_frame_3.jpg,no,none
vid_821_frame_0.jpg,no,none
vid_821_frame_1.jpg,yes,low
vid_821_frame_3.jpg,yes,low
vid_822_frame_0.jpg,no,none
vid_823_frame_0.jpg,no,none
vid_823_frame_1.jpg,yes,medium
vid_823_frame_2.jpg,yes,medium
vid_824_frame_0.jpg,no,none
vid_824_frame_1.jpg,no,none
vid_824_frame_2.jpg,yes,medium
vid_824_frame_3.jpg,yes,medium
vid_828_frame_0.jpg,yes,low
vid_828_frame_1.jpg,yes,high
vid_828_frame_2.jpg,yes,high
vid_831_frame_0.jpg,yes,high
vid_831_frame_1.jpg,yes,high
vid_831_frame_2.jpg,yes,high
vid_831_frame_3.jpg,yes,high
vid_832_frame_0.jpg,yes,low
vid_832_frame_1.jpg,yes,low
vid_832_frame_2.jpg,yes,low
vid_832_frame_3.jpg,yes,low
vid_833_frame_0.jpg,yes,low
vid_834_frame_0.jpg,no,none
vid_834_frame_1.jpg,no,none
vid_834_frame_2.jpg,no,none
vid_834_frame_3.jpg,no,none
vid_836_frame_1.jpg,yes,medium
vid_837_frame_0.jpg,no,none
vid_837_frame_1.jpg,no,none
vid_837_frame_2.jpg,no,none
vid_838_frame_0.jpg,yes,medium
vid_838_frame_2.jpg,yes,high
vid_838_frame_3.jpg,yes,medium
vid_839_frame_0.jpg,no,none
vid_842_frame_1.jpg,yes,low
vid_842_frame_2.jpg,yes,low
vid_842_frame_3.jpg,yes,low
vid_843_frame_0.jpg,no,none
vid_843_frame_1.jpg,no,none
vid_843_frame_2.jpg,no,none
vid_843_frame_3.jpg,yes,low
vid_844_frame_0.jpg,yes,medium
vid_844_frame_1.jpg,yes,high
vid_844_frame_2.jpg,yes,high
vid_844_frame_3.jpg,yes,high
vid_845_frame_0.jpg,yes,high
vid_845_frame_1.jpg,yes,high
vid_845_frame_2.jpg,yes,high
vid_847_frame_0.jpg,no,none
vid_847_frame_1.jpg,no,none
vid_847_frame_2.jpg,no,none
vid_848_frame_0.jpg,no,none
vid_848_frame_1.jpg,no,none
vid_848_frame_3.jpg,no,none
vid_849_frame_0.jpg,no,none
vid_849_frame_1.jpg,no,none
vid_849_frame_2.jpg,no,none
vid_850_frame_0.jpg,no,none
vid_850_frame_2.jpg,no,none
vid_852_frame_0.jpg,no,none
vid_852_frame_1.jpg,no,none
vid_852_frame_2.jpg,no,none
vid_853_frame_0.jpg,yes,medium
vid_854_frame_1.jpg,yes,low
vid_854_frame_2.jpg,no,none
vid_854_frame_3.jpg,yes,low
vid_855_frame_0.jpg,no,none
vid_855_frame_1.jpg,no,none
vid_856_frame_0.jpg,no,none
vid_857_frame_1.jpg,yes,low
vid_857_frame_2.jpg,yes,low
vid_857_frame_3.jpg,yes,low
vid_858_frame_2.jpg,yes,high
vid_859_frame_0.jpg,no,none
vid_859_frame_1.jpg,no,none
vid_859_frame_3.jpg,yes,low
vid_860_frame_0.jpg,no,none
vid_860_frame_1.jpg,no,none
vid_860_frame_2.jpg,no,none
vid_862_frame_0.jpg,no,none
vid_862_frame_1.jpg,no,none
vid_862_frame_2.jpg,no,none
vid_862_frame_3.jpg,no,none
vid_865_frame_0.jpg,no,none
vid_865_frame_1.jpg,no,none
vid_865_frame_2.jpg,no,none
vid_866_frame_1.jpg,no,none
vid_866_frame_2.jpg,no,none
vid_866_frame_3.jpg,no,none
vid_867_frame_0.jpg,no,none
vid_867_frame_2.jpg,yes,medium
vid_867_frame_3.jpg,yes,medium
vid_869_frame_0.jpg,no,none
vid_871_frame_0.jpg,no,none
vid_874_frame_0.jpg,yes,medium
vid_874_frame_1.jpg,yes,medium
vid_874_frame_2.jpg,yes,medium
vid_874_frame_3.jpg,yes,medium
vid_875_frame_0.jpg,yes,high
vid_875_frame_1.jpg,yes,high
vid_875_frame_2.jpg,yes,high
vid_875_frame_3.jpg,yes,high
vid_876_frame_0.jpg,yes,medium
vid_877_frame_0.jpg,yes,high
vid_877_frame_1.jpg,yes,high
vid_877_frame_2.jpg,yes,high
vid_877_frame_3.jpg,yes,high
vid_878_frame_0.jpg,no,none
vid_878_frame_1.jpg,yes,medium
vid_878_frame_2.jpg,yes,medium
vid_878_frame_3.jpg,yes,medium
vid_879_frame_0.jpg,yes,medium
vid_879_frame_1.jpg,yes,medium
vid_879_frame_2.jpg,yes,medium
vid_879_frame_3.jpg,yes,high
vid_880_frame_0.jpg,yes,high
vid_880_frame_1.jpg,yes,high
vid_880_frame_2.jpg,yes,high
vid_880_frame_3.jpg,yes,high
vid_881_frame_0.jpg,no,none
vid_881_frame_1.jpg,no,none
vid_881_frame_3.jpg,no,none
vid_882_frame_0.jpg,no,none
vid_882_frame_1.jpg,no,none
vid_883_frame_0.jpg,yes,high
vid_883_frame_1.jpg,yes,high
vid_883_frame_2.jpg,yes,high
vid_883_frame_3.jpg,yes,high
vid_884_frame_0.jpg,yes,high
vid_884_frame_1.jpg,yes,high
vid_884_frame_3.jpg,yes,high
vid_885_frame_0.jpg,yes,high
vid_885_frame_1.jpg,yes,high
vid_885_frame_2.jpg,yes,high
vid_885_frame_3.jpg,yes,high
vid_886_frame_1.jpg,no,none
vid_886_frame_2.jpg,no,none
vid_886_frame_3.jpg,no,none
vid_889_frame_0.jpg,yes,high
vid_889_frame_1.jpg,yes,high
vid_889_frame_2.jpg,yes,high
vid_889_frame_3.jpg,yes,high
vid_890_frame_0.jpg,no,none
vid_890_frame_2.jpg,no,none
vid_890_frame_3.jpg,no,none
vid_891_frame_0.jpg,no,none
vid_891_frame_1.jpg,no,none
vid_891_frame_2.jpg,yes,low
vid_892_frame_2.jpg,yes,low
vid_893_frame_1.jpg,no,none
vid_893_frame_2.jpg,no,none
vid_894_frame_0.jpg,yes,low
vid_894_frame_1.jpg,yes,low
vid_894_frame_3.jpg,yes,low
vid_895_frame_0.jpg,yes,low
vid_895_frame_1.jpg,yes,low
vid_895_frame_2.jpg,yes,low
vid_895_frame_3.jpg,yes,low
vid_897_frame_0.jpg,no,none
vid_898_frame_0.jpg,no,none
vid_898_frame_3.jpg,yes,medium
vid_899_frame_0.jpg,yes,high
vid_899_frame_1.jpg,yes,high
vid_899_frame_2.jpg,yes,high
vid_899_frame_3.jpg,yes,high
vid_901_frame_0.jpg,yes,medium
vid_901_frame_1.jpg,yes,low
vid_901_frame_2.jpg,yes,low
vid_901_frame_3.jpg,yes,low
vid_902_frame_0.jpg,no,none
vid_902_frame_1.jpg,no,none
vid_903_frame_1.jpg,no,none
vid_904_frame_0.jpg,no,none
vid_904_frame_1.jpg,no,none
vid_904_frame_3.jpg,yes,low
vid_905_frame_0.jpg,no,none
vid_905_frame_1.jpg,no,none
vid_905_frame_3.jpg,no,none
vid_906_frame_0.jpg,no,none
vid_906_frame_1.jpg,no,none
vid_906_frame_2.jpg,yes,low
vid_906_frame_3.jpg,yes,low
vid_908_frame_0.jpg,no,none
vid_908_frame_1.jpg,no,none
vid_909_frame_0.jpg,no,none
vid_909_frame_1.jpg,no,none
vid_909_frame_2.jpg,yes,low
vid_909_frame_3.jpg,yes,medium
vid_911_frame_0.jpg,yes,medium
vid_911_frame_1.jpg,yes,medium
vid_912_frame_0.jpg,yes,medium
vid_912_frame_2.jpg,yes,medium
vid_913_frame_0.jpg,no,none
vid_913_frame_1.jpg,yes,low
vid_913_frame_2.jpg,yes,low
vid_914_frame_1.jpg,no,none
vid_914_frame_3.jpg,no,none
vid_915_frame_0.jpg,yes,low
vid_915_frame_1.jpg,yes,low
vid_917_frame_1.jpg,no,none
vid_918_frame_0.jpg,yes,medium
vid_918_frame_1.jpg,yes,medium
vid_918_frame_2.jpg,yes,medium
vid_918_frame_3.jpg,yes,medium
vid_919_frame_3.jpg,yes,medium
vid_920_frame_1.jpg,no,none
vid_920_frame_2.jpg,no,none
vid_920_frame_3.jpg,no,none
vid_921_frame_0.jpg,yes,low
vid_921_frame_1.jpg,yes,low
vid_921_frame_2.jpg,yes,low
vid_922_frame_0.jpg,yes,medium
vid_922_frame_1.jpg,yes,medium
vid_922_frame_2.jpg,yes,medium
vid_924_frame_1.jpg,yes,high
vid_924_frame_2.jpg,yes,high
vid_924_frame_3.jpg,yes,high
vid_925_frame_0.jpg,no,none
vid_925_frame_1.jpg,no,none
vid_926_frame_2.jpg,no,none
vid_927_frame_0.jpg,no,none
vid_927_frame_1.jpg,no,none
vid_927_frame_3.jpg,no,none
vid_928_frame_0.jpg,yes,high
vid_928_frame_1.jpg,yes,high
vid_928_frame_2.jpg,yes,high
vid_929_frame_1.jpg,yes,low
vid_929_frame_2.jpg,yes,low
vid_929_frame_3.jpg,yes,low
vid_930_frame_0.jpg,no,none
vid_930_frame_1.jpg,yes,low
vid_930_frame_2.jpg,yes,low
vid_930_frame_3.jpg,yes,low
vid_931_frame_0.jpg,yes,low
vid_931_frame_1.jpg,yes,medium
vid_931_frame_2.jpg,yes,medium
vid_931_frame_3.jpg,yes,medium
vid_934_frame_0.jpg,no,none
vid_934_frame_1.jpg,no,none
vid_934_frame_2.jpg,yes,low
vid_934_frame_3.jpg,yes,low
vid_935_frame_0.jpg,yes,low
vid_935_frame_1.jpg,yes,low
vid_935_frame_2.jpg,yes,low
vid_935_frame_3.jpg,yes,low
vid_937_frame_0.jpg,yes,high
vid_937_frame_1.jpg,yes,high
vid_937_frame_2.jpg,yes,high
vid_937_frame_3.jpg,yes,high
vid_939_frame_1.jpg,yes,medium
vid_939_frame_2.jpg,yes,medium
vid_939_frame_3.jpg,yes,medium
vid_940_frame_0.jpg,yes,medium
vid_940_frame_1.jpg,yes,medium
vid_940_frame_2.jpg,yes,medium
vid_940_frame_3.jpg,yes,medium
vid_942_frame_0.jpg,no,none
vid_942_frame_1.jpg,yes,low
vid_942_frame_2.jpg,yes,low
vid_942_frame_3.jpg,yes,low
vid_946_frame_0.jpg,no,none
vid_947_frame_0.jpg,yes,low
vid_947_frame_1.jpg,yes,low
vid_947_frame_2.jpg,yes,low
vid_947_frame_3.jpg,yes,low
vid_948_frame_0.jpg,no,none
vid_948_frame_1.jpg,yes,medium
vid_948_frame_2.jpg,yes,medium
vid_948_frame_3.jpg,yes,medium
vid_949_frame_0.jpg,no,none
vid_949_frame_1.jpg,yes,low
vid_951_frame_2.jpg,yes,low
vid_953_frame_0.jpg,yes,medium
vid_953_frame_1.jpg,yes,medium
vid_954_frame_1.jpg,yes,high
vid_954_frame_2.jpg,yes,high
vid_954_frame_3.jpg,yes,high
vid_955_frame_0.jpg,yes,high
vid_955_frame_1.jpg,yes,high
vid_955_frame_2.jpg,yes,high
vid_957_frame_0.jpg,no,none
vid_957_frame_1.jpg,yes,low
vid_957_frame_2.jpg,yes,low
vid_957_frame_3.jpg,yes,medium
vid_961_frame_3.jpg,yes,medium
vid_962_frame_1.jpg,yes,low
vid_962_frame_2.jpg,yes,low
vid_964_frame_1.jpg,yes,medium
vid_964_frame_2.jpg,yes,medium
vid_965_frame_1.jpg,yes,medium
vid_966_frame_0.jpg,yes,high
vid_966_frame_1.jpg,yes,high
vid_966_frame_2.jpg,yes,high
vid_966_frame_3.jpg,yes,high
vid_968_frame_0.jpg,yes,high
vid_968_frame_1.jpg,yes,high
vid_968_frame_2.jpg,yes,high
vid_969_frame_0.jpg,yes,high
vid_969_frame_1.jpg,yes,high
vid_969_frame_2.jpg,yes,high
vid_969_frame_3.jpg,yes,high
vid_970_frame_0.jpg,yes,medium
vid_970_frame_2.jpg,yes,medium
vid_970_frame_3.jpg,yes,medium
vid_971_frame_2.jpg,yes,low
vid_974_frame_1.jpg,yes,medium
vid_974_frame_3.jpg,yes,medium
vid_975_frame_0.jpg,yes,medium
vid_975_frame_3.jpg,yes,medium
vid_976_frame_2.jpg,yes,medium
vid_976_frame_3.jpg,yes,medium
vid_977_frame_0.jpg,yes,medium
vid_977_frame_1.jpg,yes,medium
vid_977_frame_2.jpg,yes,medium
vid_977_frame_3.jpg,yes,medium
vid_978_frame_0.jpg,yes,high
vid_978_frame_1.jpg,yes,high
vid_978_frame_2.jpg,yes,high
vid_978_frame_3.jpg,yes,high
vid_979_frame_0.jpg,yes,high
vid_979_frame_1.jpg,yes,medium
vid_979_frame_2.jpg,yes,medium
vid_981_frame_1.jpg,yes,medium
vid_981_frame_2.jpg,yes,medium
vid_981_frame_3.jpg,yes,medium
vid_982_frame_0.jpg,yes,high
vid_982_frame_1.jpg,yes,high
vid_982_frame_2.jpg,yes,high
vid_983_frame_0.jpg,no,none
vid_984_frame_0.jpg,yes,medium
vid_984_frame_1.jpg,yes,medium
vid_984_frame_2.jpg,yes,medium
vid_984_frame_3.jpg,yes,medium
vid_985_frame_1.jpg,yes,medium
vid_985_frame_2.jpg,yes,medium
vid_985_frame_3.jpg,yes,medium
vid_988_frame_0.jpg,no,none
vid_993_frame_0.jpg,yes,medium
vid_994_frame_2.jpg,no,none
vid_996_frame_0.jpg,yes,medium
vid_996_frame_1.jpg,yes,medium
vid_999_frame_0.jpg,yes,high
vid_1000_frame_1.jpg,yes,high
vid_1000_frame_2.jpg,yes,high
vid_1001_frame_2.jpg,no,none
vid_1001_frame_3.jpg,no,none
vid_1002_frame_0.jpg,yes,medium
vid_1002_frame_1.jpg,yes,medium
vid_1003_frame_1.jpg,no,none
vid_1004_frame_0.jpg,no,none
vid_1005_frame_0.jpg,no,none
vid_1009_frame_0.jpg,yes,low
vid_1009_frame_1.jpg,yes,low
vid_1009_frame_2.jpg,yes,low
vid_1010_frame_3.jpg,no,none
vid_1013_frame_0.jpg,no,none
vid_1013_frame_1.jpg,yes,low
vid_1013_frame_2.jpg,yes,low
vid_1014_frame_0.jpg,yes,low
vid_1014_frame_1.jpg,yes,low
vid_1016_frame_0.jpg,no,none
vid_1017_frame_1.jpg,no,none
vid_1017_frame_2.jpg,no,none
vid_1019_frame_0.jpg,yes,low
vid_1019_frame_1.jpg,no,none
vid_1023_frame_0.jpg,yes,high
vid_1023_frame_1.jpg,yes,high
vid_1023_frame_2.jpg,yes,high
vid_1023_frame_3.jpg,yes,high
vid_1024_frame_0.jpg,no,none
vid_1024_frame_1.jpg,no,none
vid_1024_frame_2.jpg,no,none
vid_1025_frame_0.jpg,yes,medium
vid_1025_frame_1.jpg,yes,medium
vid_1025_frame_2.jpg,yes,medium
vid_1025_frame_3.jpg,yes,medium
vid_1027_frame_0.jpg,no,none
vid_1027_frame_1.jpg,no,none
vid_1027_frame_2.jpg,no,none
vid_1028_frame_0.jpg,yes,low
vid_1028_frame_1.jpg,no,none
